Workbook

Sheet Lisez-moi
A1: Restaurants d'exception à Paris et leurs jours de fermeture — base de prospects lieux
A2: Pôle Ventes · 28/10/2026 · Nouvelle cible lieux : restaurants d'exception (haut de gamme) · Document de travail, non validé
A4: Même raisonnement que le fichier « Restaurants par jour de la semaine » du 28/10
A5: On garde cette fois les restaurants que la base d'origine excluait comme « très haut de gamme » (ticket estimé ≥ 100 €, menu ≥ 150 €, ou gastronomique ≥ 85 €, étoilés et palaces) : 50 fiches, dont 47 avec des jours de fermeture connus.
A7: Code couleur
A8: Ligne blanche / cellule verte : restaurant très haut de gamme de la base (guide Gilles Pudlowski, relevé du 27/10/2026).
A9: Ligne BLEUE : proposition de l'assistant IA, à valider. Deux propositions : (1) élargir aux restaurants « milieu-haut de gamme » à 80 € ou plus par personne ; (2) onglet « À compléter » : tables étoilées citées dans la presse, absentes de la base, dont il faut relever les jours de fermeture.
A10: Cellule ORANGE : estimation. Cellule GRISE : information non établie.
A12: Définitions
A13: Salle libre le soir = « Fermé » (toute la journée) ou « Fermé soir ». Ouvert le soir = « Ouvert » ou « Fermé midi ».
A14: Priorité (proposition) : A = au moins un soir libre du mardi au samedi ; B = libre le dimanche et/ou le lundi seulement ; « Pas de soir libre » = ouvert 7 soirs sur 7 (privatisation possible, mais hors concept des périodes de fermeture).
A16: Avant de démarcher
... A19: • Les grandes maisons se démarchent par le directeur de salle, le directeur général ou le chef propriétaire : noter le nom dans votre outil, pas dans le dépôt (RULES.md).

Sheet Restaurants
A1: Liste des restaurants d'exception et de leurs jours de fermeture
A2: Niveau | B2: Nom | C2: Arr. | D2: Adresse | E2: Type de cuisine | F2: Ticket €/pers. | G2: Lundi soir | H2: Mardi soir | I2: Mercredi soir | J2: Jeudi soir | K2: Vendredi soir | L2: Samedi soir | M2: Dimanche soir | N2: Fermeture (texte fiche) | O2: Nb soirs libres | P2: Priorité | Q2: Statut | R2: Date dernier contact | S2: Prochaine action | T2: Responsable | U2: Commentaires | V2: Source
A3: Très haut de gamme (base) | B3: Granite | C3: 1 | D3: 6 Rue Bailleul, 75001 Paris | E3: espagnols, gastronomiques | F3: 143 | G3: Ouvert | H3: Ouvert | I3: Ouvert | J3: Ouvert | K3: Ouvert | L3: Libre | M3: Libre | N3: Samedi, dimanche | O3: 2 | P3: A | Q3: À contacter | S3: Reconfirmer jours et horaires | V3: https://www.gillespudlowski.com/recherche/Restaurants/0/France/Paris/Paris/75001/
A4: Très haut de gamme (base) | B4: Guefen | C4: 3 | D4: 9 rue du Vertbois - 75003 Paris | E4: Cuisine internationale, gastronomiques | F4: 97 | G4: Ouvert | H4: Ouvert | I4: Ouvert | J4: Ouvert | K4: Libre | L4: Libre | M4: Ouvert | N4: Vendredi, samedi | O4: 2 | P4: A | Q4: À contacter | S4: Reconfirmer jours et horaires | V4: https://www.gillespudlowski.com/recherche/Restaurants/0/France/Paris/Paris/75003/
A5: Très haut de gamme (base) | B5: Ogata Paris | C5: 3 | D5: 16 Rue Debelleyme - 75003 Paris | E5: gastronomiques, japonais | F5: 195 | G5: Libre | H5: Libre | I5: Ouvert | J5: Ouvert | K5: Ouvert | L5: Ouvert | M5: Ouvert | N5: Lundi, mardi | O5: 2 | P5: A | Q5: À contacter | S5: Reconfirmer jours et horaires | V5: https://www.gillespudlowski.com/recherche/Restaurants/0/France/Paris/Paris/75003/
A6: Très haut de gamme (base) | B6: La Table de Colette | C6: 5 | D6: 17 rue Laplace, 75005 Paris | E6: français, gastronomiques, végétariens | F6: 85 | G6: Ouvert | H6: Ouvert | I6: Ouvert | J6: Ouvert | K6: Ouvert | L6: Libre | M6: Libre | N6: Samedi, dimanche | O6: 2 | P6: A | Q6: À contacter | S6: Reconfirmer jours et horaires | V6: https://www.gillespudlowski.com/recherche/Restaurants/0/France/Paris/Paris/75005/
A7: Très haut de gamme (base) | B7: Le 21 | C7: 6 | D7: 21 Rue Mazarine, 75006 Paris | E7: français, gastronomiques | F7: 90 | G7: Libre | H7: Libre | I7: Ouvert | J7: Ouvert | K7: Ouvert | L7: Ouvert | M7: Libre | N7: Lundi, mardi, dimanche | O7: 3 | P7: A | Q7: À contacter | S7: Reconfirmer jours et horaires | V7: https://www.gillespudlowski.com/recherche/Restaurants/0/France/Paris/Paris/75006/
A8: Très haut de gamme (base) | B8: Auguste | C8: 7 | D8: 54, rue de Bourgogne - 75007 Paris | E8: français, gastronomiques | F8: 110 | G8: Ouvert | H8: Ouvert | I8: Ouvert | J8: Ouvert | K8: Ouvert | L8: Libre | M8: Libre | N8: Samedi, dimanche | O8: 2 | P8: A | Q8: À contacter | S8: Reconfirmer jours et horaires | V8: https://www.gillespudlowski.com/recherche/Restaurants/0/France/Paris/Paris/75007/
A9: Très haut de gamme (base) | B9: D'Chez Eux | C9: 7 | D9: 2, avenue Lowendal - 75007 Paris | E9: Bistrots, français | F9: 110 | G9: Libre | H9: Libre | I9: Ouvert | J9: Ouvert | K9: Ouvert | L9: Ouvert | M9: Ouvert | N9: Lundi, mardi | O9: 2 | P9: A | Q9: À contacter | S9: Reconfirmer jours et horaires | V9: https://www.gillespudlowski.com/recherche/Restaurants/0/France/Paris/Paris/75007/
A10: Très haut de gamme (base) | B10: David Toutain | C10: 7 | D10: 29 rue Surcouf - 75007 Paris | E10: français, gastronomiques | F10: 248 | G10: Ouvert | H10: Ouvert | I10: Ouvert | J10: Ouvert | K10: Ouvert | L10: Libre | M10: Libre | N10: Samedi, dimanche | O10: 2 | P10: A | Q10: À contacter | S10: Reconfirmer jours et horaires | V10: https://www.gillespudlowski.com/recherche/Restaurants/0/France/Paris/Paris/75007/
A11: Très haut de gamme (base) | B11: Akrame | C11: 8 | D11: 7, rue Tronchet - 75008 Paris | E11: français, gastronomiques | F11: 185 | G11: Ouvert | H11: Ouvert | I11: Ouvert | J11: Ouvert | K11: Ouvert | L11: Libre | M11: Libre | N11: Samedi, dimanche | O11: 2 | P11: A | Q11: À contacter | S11: Reconfirmer jours et horaires | V11: https://www.gillespudlowski.com/recherche/Restaurants/0/France/Paris/Paris/75008/
A12: Très haut de gamme (base) | B12: Le Clarence | C12: 8 | D12: 31 avenue Franklin Roosevelt - 75008 Paris | E12: français, gastronomiques | F12: 450 | G12: Libre | H12: Libre | I12: Ouvert | J12: Ouvert | K12: Ouvert | L12: Ouvert | M12: Libre | N12: Lundi, mardi, dimanche | O12: 3 | P12: A | Q12: À contacter | S12: Reconfirmer jours et horaires | V12: https://www.gillespudlowski.com/recherche/Restaurants/0/France/Paris/Paris/75008/
A13: Très haut de gamme (base) | B13: Mantra | C13: 9 | D13: 17 Rue Rodier - 75009 Paris | E13: français | F13: 117 | G13: Ouvert | H13: Ouvert | I13: Ouvert | J13: Ouvert | K13: Ouvert | L13: Libre | M13: Libre | N13: Lundi midi, mardi midi, mercredi midi, samedi, dimanche. | O13: 2 | P13: A | Q13: À contacter | S13: Reconfirmer jours et horaires | V13: https://www.gillespudlowski.com/recherche/Restaurants/0/France/Paris/Paris/75009/
A14: Très haut de gamme (base) | B14: Vaisseau | C14: 11 | D14: 35 Rue Faidherbe, 75011 Paris | E14: français | F14: 150 | G14: Ouvert | H14: Ouvert | I14: Ouvert | J14: Ouvert | K14: Ouvert | L14: Libre | M14: Libre | N14: Lundi midi, mardi midi, mercredi midi, samedi, dimanche | O14: 2 | P14: A | Q14: À contacter | S14: Reconfirmer jours et horaires | V14: https://www.gillespudlowski.com/recherche/Restaurants/0/France/Paris/Paris/75011/
... A71: Proposition : haut de gamme élargi | B71: Le Coq & Fils | C71: 18 | D71: 98 rue Lepic - 75018 Paris | E71: français | F71: 80 | G71: Ouvert | H71: Ouvert | I71: Ouvert | J71: Ouvert | K71: Ouvert | L71: Ouvert | M71: Ouvert | N71: ouvert 7j/7 | O71: 0 | P71: Pas de soir libre | Q71: À contacter | S71: Reconfirmer jours et horaires | V71: https://www.gillespudlowski.com/recherche/Restaurants/0/France/Paris/Paris/75018/

Sheet Par jour
A1: Restaurants d'exception : ouverts et salles libres, soir par soir
A2: Calcul en direct depuis l'onglet Base. Bloc 1 : très haut de gamme seul. Bloc 2 (bleu) : avec la proposition d'élargissement à 80 € et plus.
A4: 1. Très haut de gamme (47 restaurants de la base)
A5: Soir | B5: Restaurants | C5: Ouverts le soir | D5: Salles libres le soir | E5: % salles libres | F5: dont fermés toute la journée
A6: Lundi | B6: =COUNTIFS(Base!$A$2:$A$70,"Très haut de gamme (base)") | C6: =B6-D6 | D6: =COUNTIFS(Base!$A$2:$A$70,"Très haut de gamme (base)",Base!$G$2:$G$70,"Fermé")+COUNTIFS(Base!$A$2:$A$70,"Très haut de gamme (base)",Base!$G$2:$G$70,"Fermé soir") | E6: =D6/B6 | F6: =COUNTIFS(Base!$A$2:$A$70,"Très haut de gamme (base)",Base!$G$2:$G$70,"Fermé")
A7: Mardi | B7: =COUNTIFS(Base!$A$2:$A$70,"Très haut de gamme (base)") | C7: =B7-D7 | D7: =COUNTIFS(Base!$A$2:$A$70,"Très haut de gamme (base)",Base!$H$2:$H$70,"Fermé")+COUNTIFS(Base!$A$2:$A$70,"Très haut de gamme (base)",Base!$H$2:$H$70,"Fermé soir") | E7: =D7/B7 | F7: =COUNTIFS(Base!$A$2:$A$70,"Très haut de gamme (base)",Base!$H$2:$H$70,"Fermé")
A8: Mercredi | B8: =COUNTIFS(Base!$A$2:$A$70,"Très haut de gamme (base)") | C8: =B8-D8 | D8: =COUNTIFS(Base!$A$2:$A$70,"Très haut de gamme (base)",Base!$I$2:$I$70,"Fermé")+COUNTIFS(Base!$A$2:$A$70,"Très haut de gamme (base)",Base!$I$2:$I$70,"Fermé soir") | E8: =D8/B8 | F8: =COUNTIFS(Base!$A$2:$A$70,"Très haut de gamme (base)",Base!$I$2:$I$70,"Fermé")
A9: Jeudi | B9: =COUNTIFS(Base!$A$2:$A$70,"Très haut de gamme (base)") | C9: =B9-D9 | D9: =COUNTIFS(Base!$A$2:$A$70,"Très haut de gamme (base)",Base!$J$2:$J$70,"Fermé")+COUNTIFS(Base!$A$2:$A$70,"Très haut de gamme (base)",Base!$J$2:$J$70,"Fermé soir") | E9: =D9/B9 | F9: =COUNTIFS(Base!$A$2:$A$70,"Très haut de gamme (base)",Base!$J$2:$J$70,"Fermé")
A10: Vendredi | B10: =COUNTIFS(Base!$A$2:$A$70,"Très haut de gamme (base)") | C10: =B10-D10 | D10: =COUNTIFS(Base!$A$2:$A$70,"Très haut de gamme (base)",Base!$K$2:$K$70,"Fermé")+COUNTIFS(Base!$A$2:$A$70,"Très haut de gamme (base)",Base!$K$2:$K$70,"Fermé soir") | E10: =D10/B10 | F10: =COUNTIFS(Base!$A$2:$A$70,"Très haut de gamme (base)",Base!$K$2:$K$70,"Fermé")
A11: Samedi | B11: =COUNTIFS(Base!$A$2:$A$70,"Très haut de gamme (base)") | C11: =B11-D11 | D11: =COUNTIFS(Base!$A$2:$A$70,"Très haut de gamme (base)",Base!$L$2:$L$70,"Fermé")+COUNTIFS(Base!$A$2:$A$70,"Très haut de gamme (base)",Base!$L$2:$L$70,"Fermé soir") | E11: =D11/B11 | F11: =COUNTIFS(Base!$A$2:$A$70,"Très haut de gamme (base)",Base!$L$2:$L$70,"Fermé")
A12: Dimanche | B12: =COUNTIFS(Base!$A$2:$A$70,"Très haut de gamme (base)") | C12: =B12-D12 | D12: =COUNTIFS(Base!$A$2:$A$70,"Très haut de gamme (base)",Base!$M$2:$M$70,"Fermé")+COUNTIFS(Base!$A$2:$A$70,"Très haut de gamme (base)",Base!$M$2:$M$70,"Fermé soir") | E12: =D12/B12 | F12: =COUNTIFS(Base!$A$2:$A$70,"Très haut de gamme (base)",Base!$M$2:$M$70,"Fermé")
A13: Total soirées libres / semaine | D13: =SUM(D6:D12)
A16: 2. Avec la proposition : haut de gamme élargi (≥ 80 €/pers.)
A17: Soir | B17: Restaurants | C17: Ouverts le soir | D17: Salles libres le soir | E17: % salles libres | F17: dont fermés toute la journée
A18: Lundi | B18: =COUNTA(Base!$B$2:$B$70) | C18: =B18-D18 | D18: =COUNTIFS(Base!$G$2:$G$70,"Fermé")+COUNTIFS(Base!$G$2:$G$70,"Fermé soir") | E18: =D18/B18 | F18: =COUNTIFS(Base!$G$2:$G$70,"Fermé")
A19: Mardi | B19: =COUNTA(Base!$B$2:$B$70) | C19: =B19-D19 | D19: =COUNTIFS(Base!$H$2:$H$70,"Fermé")+COUNTIFS(Base!$H$2:$H$70,"Fermé soir") | E19: =D19/B19 | F19: =COUNTIFS(Base!$H$2:$H$70,"Fermé")
A20: Mercredi | B20: =COUNTA(Base!$B$2:$B$70) | C20: =B20-D20 | D20: =COUNTIFS(Base!$I$2:$I$70,"Fermé")+COUNTIFS(Base!$I$2:$I$70,"Fermé soir") | E20: =D20/B20 | F20: =COUNTIFS(Base!$I$2:$I$70,"Fermé")
A21: Jeudi | B21: =COUNTA(Base!$B$2:$B$70) | C21: =B21-D21 | D21: =COUNTIFS(Base!$J$2:$J$70,"Fermé")+COUNTIFS(Base!$J$2:$J$70,"Fermé soir") | E21: =D21/B21 | F21: =COUNTIFS(Base!$J$2:$J$70,"Fermé")
A22: Vendredi | B22: =COUNTA(Base!$B$2:$B$70) | C22: =B22-D22 | D22: =COUNTIFS(Base!$K$2:$K$70,"Fermé")+COUNTIFS(Base!$K$2:$K$70,"Fermé soir") | E22: =D22/B22 | F22: =COUNTIFS(Base!$K$2:$K$70,"Fermé")
A23: Samedi | B23: =COUNTA(Base!$B$2:$B$70) | C23: =B23-D23 | D23: =COUNTIFS(Base!$L$2:$L$70,"Fermé")+COUNTIFS(Base!$L$2:$L$70,"Fermé soir") | E23: =D23/B23 | F23: =COUNTIFS(Base!$L$2:$L$70,"Fermé")
A24: Dimanche | B24: =COUNTA(Base!$B$2:$B$70) | C24: =B24-D24 | D24: =COUNTIFS(Base!$M$2:$M$70,"Fermé")+COUNTIFS(Base!$M$2:$M$70,"Fermé soir") | E24: =D24/B24 | F24: =COUNTIFS(Base!$M$2:$M$70,"Fermé")
A25: Total soirées libres / semaine | D25: =SUM(D18:D24)
A28: Priorités de démarchage (proposition)
A29: Priorité | B29: Très haut de gamme | C29: Avec l'élargissement | D29: Définition
A30: A | B30: =COUNTIFS(Restaurants!$P$3:$P$500,"A",Restaurants!$A$3:$A$500,"Très haut de gamme (base)") | C30: =COUNTIF(Restaurants!$P$3:$P$500,"A") | D30: Au moins un soir libre du mardi au samedi
A31: B | B31: =COUNTIFS(Restaurants!$P$3:$P$500,"B",Restaurants!$A$3:$A$500,"Très haut de gamme (base)") | C31: =COUNTIF(Restaurants!$P$3:$P$500,"B") | D31: Libre le dimanche et/ou le lundi seulement
A32: Pas de soir libre | B32: =COUNTIFS(Restaurants!$P$3:$P$500,"Pas de soir libre",Restaurants!$A$3:$A$500,"Très haut de gamme (base)") | C32: =COUNTIF(Restaurants!$P$3:$P$500,"Pas de soir libre") | D32: Ouvert 7 soirs sur 7

Sheet Jour × arrondissement
A1: Salles libres le soir par arrondissement (très haut de gamme + élargissement)
A2: Nombre de restaurants de l'onglet Base fermés ce soir-là. Colonne « dont très haut de gamme » : sans l'élargissement.
A4: Arr. | B4: Restaurants | C4: dont très haut de gamme | D4: Lundi | E4: Mardi | F4: Mercredi | G4: Jeudi | H4: Vendredi | I4: Samedi | J4: Dimanche | K4: Avec ≥ 1 soir libre
A5: 1er | B5: =COUNTIF(Base!$D$2:$D$70,1) | C5: =COUNTIFS(Base!$D$2:$D$70,1,Base!$A$2:$A$70,"Très haut de gamme (base)") | D5: =COUNTIFS(Base!$D$2:$D$70,1,Base!$G$2:$G$70,"Fermé")+COUNTIFS(Base!$D$2:$D$70,1,Base!$G$2:$G$70,"Fermé soir") | E5: =COUNTIFS(Base!$D$2:$D$70,1,Base!$H$2:$H$70,"Fermé")+COUNTIFS(Base!$D$2:$D$70,1,Base!$H$2:$H$70,"Fermé soir") | F5: =COUNTIFS(Base!$D$2:$D$70,1,Base!$I$2:$I$70,"Fermé")+COUNTIFS(Base!$D$2:$D$70,1,Base!$I$2:$I$70,"Fermé soir") | G5: =COUNTIFS(Base!$D$2:$D$70,1,Base!$J$2:$J$70,"Fermé")+COUNTIFS(Base!$D$2:$D$70,1,Base!$J$2:$J$70,"Fermé soir") | H5: =COUNTIFS(Base!$D$2:$D$70,1,Base!$K$2:$K$70,"Fermé")+COUNTIFS(Base!$D$2:$D$70,1,Base!$K$2:$K$70,"Fermé soir") | I5: =COUNTIFS(Base!$D$2:$D$70,1,Base!$L$2:$L$70,"Fermé")+COUNTIFS(Base!$D$2:$D$70,1,Base!$L$2:$L$70,"Fermé soir") | J5: =COUNTIFS(Base!$D$2:$D$70,1,Base!$M$2:$M$70,"Fermé")+COUNTIFS(Base!$D$2:$D$70,1,Base!$M$2:$M$70,"Fermé soir") | K5: =COUNTIFS(Restaurants!$C$3:$C$500,1,Restaurants!$O$3:$O$500,">0")
A6: 2e | B6: =COUNTIF(Base!$D$2:$D$70,2) | C6: =COUNTIFS(Base!$D$2:$D$70,2,Base!$A$2:$A$70,"Très haut de gamme (base)") | D6: =COUNTIFS(Base!$D$2:$D$70,2,Base!$G$2:$G$70,"Fermé")+COUNTIFS(Base!$D$2:$D$70,2,Base!$G$2:$G$70,"Fermé soir") | E6: =COUNTIFS(Base!$D$2:$D$70,2,Base!$H$2:$H$70,"Fermé")+COUNTIFS(Base!$D$2:$D$70,2,Base!$H$2:$H$70,"Fermé soir") | F6: =COUNTIFS(Base!$D$2:$D$70,2,Base!$I$2:$I$70,"Fermé")+COUNTIFS(Base!$D$2:$D$70,2,Base!$I$2:$I$70,"Fermé soir") | G6: =COUNTIFS(Base!$D$2:$D$70,2,Base!$J$2:$J$70,"Fermé")+COUNTIFS(Base!$D$2:$D$70,2,Base!$J$2:$J$70,"Fermé soir") | H6: =COUNTIFS(Base!$D$2:$D$70,2,Base!$K$2:$K$70,"Fermé")+COUNTIFS(Base!$D$2:$D$70,2,Base!$K$2:$K$70,"Fermé soir") | I6: =COUNTIFS(Base!$D$2:$D$70,2,Base!$L$2:$L$70,"Fermé")+COUNTIFS(Base!$D$2:$D$70,2,Base!$L$2:$L$70,"Fermé soir") | J6: =COUNTIFS(Base!$D$2:$D$70,2,Base!$M$2:$M$70,"Fermé")+COUNTIFS(Base!$D$2:$D$70,2,Base!$M$2:$M$70,"Fermé soir") | K6: =COUNTIFS(Restaurants!$C$3:$C$500,2,Restaurants!$O$3:$O$500,">0")
A7: 3e | B7: =COUNTIF(Base!$D$2:$D$70,3) | C7: =COUNTIFS(Base!$D$2:$D$70,3,Base!$A$2:$A$70,"Très haut de gamme (base)") | D7: =COUNTIFS(Base!$D$2:$D$70,3,Base!$G$2:$G$70,"Fermé")+COUNTIFS(Base!$D$2:$D$70,3,Base!$G$2:$G$70,"Fermé soir") | E7: =COUNTIFS(Base!$D$2:$D$70,3,Base!$H$2:$H$70,"Fermé")+COUNTIFS(Base!$D$2:$D$70,3,Base!$H$2:$H$70,"Fermé soir") | F7: =COUNTIFS(Base!$D$2:$D$70,3,Base!$I$2:$I$70,"Fermé")+COUNTIFS(Base!$D$2:$D$70,3,Base!$I$2:$I$70,"Fermé soir") | G7: =COUNTIFS(Base!$D$2:$D$70,3,Base!$J$2:$J$70,"Fermé")+COUNTIFS(Base!$D$2:$D$70,3,Base!$J$2:$J$70,"Fermé soir") | H7: =COUNTIFS(Base!$D$2:$D$70,3,Base!$K$2:$K$70,"Fermé")+COUNTIFS(Base!$D$2:$D$70,3,Base!$K$2:$K$70,"Fermé soir") | I7: =COUNTIFS(Base!$D$2:$D$70,3,Base!$L$2:$L$70,"Fermé")+COUNTIFS(Base!$D$2:$D$70,3,Base!$L$2:$L$70,"Fermé soir") | J7: =COUNTIFS(Base!$D$2:$D$70,3,Base!$M$2:$M$70,"Fermé")+COUNTIFS(Base!$D$2:$D$70,3,Base!$M$2:$M$70,"Fermé soir") | K7: =COUNTIFS(Restaurants!$C$3:$C$500,3,Restaurants!$O$3:$O$500,">0")
A8: 4e | B8: =COUNTIF(Base!$D$2:$D$70,4) | C8: =COUNTIFS(Base!$D$2:$D$70,4,Base!$A$2:$A$70,"Très haut de gamme (base)") | D8: =COUNTIFS(Base!$D$2:$D$70,4,Base!$G$2:$G$70,"Fermé")+COUNTIFS(Base!$D$2:$D$70,4,Base!$G$2:$G$70,"Fermé soir") | E8: =COUNTIFS(Base!$D$2:$D$70,4,Base!$H$2:$H$70,"Fermé")+COUNTIFS(Base!$D$2:$D$70,4,Base!$H$2:$H$70,"Fermé soir") | F8: =COUNTIFS(Base!$D$2:$D$70,4,Base!$I$2:$I$70,"Fermé")+COUNTIFS(Base!$D$2:$D$70,4,Base!$I$2:$I$70,"Fermé soir") | G8: =COUNTIFS(Base!$D$2:$D$70,4,Base!$J$2:$J$70,"Fermé")+COUNTIFS(Base!$D$2:$D$70,4,Base!$J$2:$J$70,"Fermé soir") | H8: =COUNTIFS(Base!$D$2:$D$70,4,Base!$K$2:$K$70,"Fermé")+COUNTIFS(Base!$D$2:$D$70,4,Base!$K$2:$K$70,"Fermé soir") | I8: =COUNTIFS(Base!$D$2:$D$70,4,Base!$L$2:$L$70,"Fermé")+COUNTIFS(Base!$D$2:$D$70,4,Base!$L$2:$L$70,"Fermé soir") | J8: =COUNTIFS(Base!$D$2:$D$70,4,Base!$M$2:$M$70,"Fermé")+COUNTIFS(Base!$D$2:$D$70,4,Base!$M$2:$M$70,"Fermé soir") | K8: =COUNTIFS(Restaurants!$C$3:$C$500,4,Restaurants!$O$3:$O$500,">0")
A9: 5e | B9: =COUNTIF(Base!$D$2:$D$70,5) | C9: =COUNTIFS(Base!$D$2:$D$70,5,Base!$A$2:$A$70,"Très haut de gamme (base)") | D9: =COUNTIFS(Base!$D$2:$D$70,5,Base!$G$2:$G$70,"Fermé")+COUNTIFS(Base!$D$2:$D$70,5,Base!$G$2:$G$70,"Fermé soir") | E9: =COUNTIFS(Base!$D$2:$D$70,5,Base!$H$2:$H$70,"Fermé")+COUNTIFS(Base!$D$2:$D$70,5,Base!$H$2:$H$70,"Fermé soir") | F9: =COUNTIFS(Base!$D$2:$D$70,5,Base!$I$2:$I$70,"Fermé")+COUNTIFS(Base!$D$2:$D$70,5,Base!$I$2:$I$70,"Fermé soir") | G9: =COUNTIFS(Base!$D$2:$D$70,5,Base!$J$2:$J$70,"Fermé")+COUNTIFS(Base!$D$2:$D$70,5,Base!$J$2:$J$70,"Fermé soir") | H9: =COUNTIFS(Base!$D$2:$D$70,5,Base!$K$2:$K$70,"Fermé")+COUNTIFS(Base!$D$2:$D$70,5,Base!$K$2:$K$70,"Fermé soir") | I9: =COUNTIFS(Base!$D$2:$D$70,5,Base!$L$2:$L$70,"Fermé")+COUNTIFS(Base!$D$2:$D$70,5,Base!$L$2:$L$70,"Fermé soir") | J9: =COUNTIFS(Base!$D$2:$D$70,5,Base!$M$2:$M$70,"Fermé")+COUNTIFS(Base!$D$2:$D$70,5,Base!$M$2:$M$70,"Fermé soir") | K9: =COUNTIFS(Restaurants!$C$3:$C$500,5,Restaurants!$O$3:$O$500,">0")
A10: 6e | B10: =COUNTIF(Base!$D$2:$D$70,6) | C10: =COUNTIFS(Base!$D$2:$D$70,6,Base!$A$2:$A$70,"Très haut de gamme (base)") | D10: =COUNTIFS(Base!$D$2:$D$70,6,Base!$G$2:$G$70,"Fermé")+COUNTIFS(Base!$D$2:$D$70,6,Base!$G$2:$G$70,"Fermé soir") | E10: =COUNTIFS(Base!$D$2:$D$70,6,Base!$H$2:$H$70,"Fermé")+COUNTIFS(Base!$D$2:$D$70,6,Base!$H$2:$H$70,"Fermé soir") | F10: =COUNTIFS(Base!$D$2:$D$70,6,Base!$I$2:$I$70,"Fermé")+COUNTIFS(Base!$D$2:$D$70,6,Base!$I$2:$I$70,"Fermé soir") | G10: =COUNTIFS(Base!$D$2:$D$70,6,Base!$J$2:$J$70,"Fermé")+COUNTIFS(Base!$D$2:$D$70,6,Base!$J$2:$J$70,"Fermé soir") | H10: =COUNTIFS(Base!$D$2:$D$70,6,Base!$K$2:$K$70,"Fermé")+COUNTIFS(Base!$D$2:$D$70,6,Base!$K$2:$K$70,"Fermé soir") | I10: =COUNTIFS(Base!$D$2:$D$70,6,Base!$L$2:$L$70,"Fermé")+COUNTIFS(Base!$D$2:$D$70,6,Base!$L$2:$L$70,"Fermé soir") | J10: =COUNTIFS(Base!$D$2:$D$70,6,Base!$M$2:$M$70,"Fermé")+COUNTIFS(Base!$D$2:$D$70,6,Base!$M$2:$M$70,"Fermé soir") | K10: =COUNTIFS(Restaurants!$C$3:$C$500,6,Restaurants!$O$3:$O$500,">0")
A11: 7e | B11: =COUNTIF(Base!$D$2:$D$70,7) | C11: =COUNTIFS(Base!$D$2:$D$70,7,Base!$A$2:$A$70,"Très haut de gamme (base)") | D11: =COUNTIFS(Base!$D$2:$D$70,7,Base!$G$2:$G$70,"Fermé")+COUNTIFS(Base!$D$2:$D$70,7,Base!$G$2:$G$70,"Fermé soir") | E11: =COUNTIFS(Base!$D$2:$D$70,7,Base!$H$2:$H$70,"Fermé")+COUNTIFS(Base!$D$2:$D$70,7,Base!$H$2:$H$70,"Fermé soir") | F11: =COUNTIFS(Base!$D$2:$D$70,7,Base!$I$2:$I$70,"Fermé")+COUNTIFS(Base!$D$2:$D$70,7,Base!$I$2:$I$70,"Fermé soir") | G11: =COUNTIFS(Base!$D$2:$D$70,7,Base!$J$2:$J$70,"Fermé")+COUNTIFS(Base!$D$2:$D$70,7,Base!$J$2:$J$70,"Fermé soir") | H11: =COUNTIFS(Base!$D$2:$D$70,7,Base!$K$2:$K$70,"Fermé")+COUNTIFS(Base!$D$2:$D$70,7,Base!$K$2:$K$70,"Fermé soir") | I11: =COUNTIFS(Base!$D$2:$D$70,7,Base!$L$2:$L$70,"Fermé")+COUNTIFS(Base!$D$2:$D$70,7,Base!$L$2:$L$70,"Fermé soir") | J11: =COUNTIFS(Base!$D$2:$D$70,7,Base!$M$2:$M$70,"Fermé")+COUNTIFS(Base!$D$2:$D$70,7,Base!$M$2:$M$70,"Fermé soir") | K11: =COUNTIFS(Restaurants!$C$3:$C$500,7,Restaurants!$O$3:$O$500,">0")
A12: 8e | B12: =COUNTIF(Base!$D$2:$D$70,8) | C12: =COUNTIFS(Base!$D$2:$D$70,8,Base!$A$2:$A$70,"Très haut de gamme (base)") | D12: =COUNTIFS(Base!$D$2:$D$70,8,Base!$G$2:$G$70,"Fermé")+COUNTIFS(Base!$D$2:$D$70,8,Base!$G$2:$G$70,"Fermé soir") | E12: =COUNTIFS(Base!$D$2:$D$70,8,Base!$H$2:$H$70,"Fermé")+COUNTIFS(Base!$D$2:$D$70,8,Base!$H$2:$H$70,"Fermé soir") | F12: =COUNTIFS(Base!$D$2:$D$70,8,Base!$I$2:$I$70,"Fermé")+COUNTIFS(Base!$D$2:$D$70,8,Base!$I$2:$I$70,"Fermé soir") | G12: =COUNTIFS(Base!$D$2:$D$70,8,Base!$J$2:$J$70,"Fermé")+COUNTIFS(Base!$D$2:$D$70,8,Base!$J$2:$J$70,"Fermé soir") | H12: =COUNTIFS(Base!$D$2:$D$70,8,Base!$K$2:$K$70,"Fermé")+COUNTIFS(Base!$D$2:$D$70,8,Base!$K$2:$K$70,"Fermé soir") | I12: =COUNTIFS(Base!$D$2:$D$70,8,Base!$L$2:$L$70,"Fermé")+COUNTIFS(Base!$D$2:$D$70,8,Base!$L$2:$L$70,"Fermé soir") | J12: =COUNTIFS(Base!$D$2:$D$70,8,Base!$M$2:$M$70,"Fermé")+COUNTIFS(Base!$D$2:$D$70,8,Base!$M$2:$M$70,"Fermé soir") | K12: =COUNTIFS(Restaurants!$C$3:$C$500,8,Restaurants!$O$3:$O$500,">0")
A13: 9e | B13: =COUNTIF(Base!$D$2:$D$70,9) | C13: =COUNTIFS(Base!$D$2:$D$70,9,Base!$A$2:$A$70,"Très haut de gamme (base)") | D13: =COUNTIFS(Base!$D$2:$D$70,9,Base!$G$2:$G$70,"Fermé")+COUNTIFS(Base!$D$2:$D$70,9,Base!$G$2:$G$70,"Fermé soir") | E13: =COUNTIFS(Base!$D$2:$D$70,9,Base!$H$2:$H$70,"Fermé")+COUNTIFS(Base!$D$2:$D$70,9,Base!$H$2:$H$70,"Fermé soir") | F13: =COUNTIFS(Base!$D$2:$D$70,9,Base!$I$2:$I$70,"Fermé")+COUNTIFS(Base!$D$2:$D$70,9,Base!$I$2:$I$70,"Fermé soir") | G13: =COUNTIFS(Base!$D$2:$D$70,9,Base!$J$2:$J$70,"Fermé")+COUNTIFS(Base!$D$2:$D$70,9,Base!$J$2:$J$70,"Fermé soir") | H13: =COUNTIFS(Base!$D$2:$D$70,9,Base!$K$2:$K$70,"Fermé")+COUNTIFS(Base!$D$2:$D$70,9,Base!$K$2:$K$70,"Fermé soir") | I13: =COUNTIFS(Base!$D$2:$D$70,9,Base!$L$2:$L$70,"Fermé")+COUNTIFS(Base!$D$2:$D$70,9,Base!$L$2:$L$70,"Fermé soir") | J13: =COUNTIFS(Base!$D$2:$D$70,9,Base!$M$2:$M$70,"Fermé")+COUNTIFS(Base!$D$2:$D$70,9,Base!$M$2:$M$70,"Fermé soir") | K13: =COUNTIFS(Restaurants!$C$3:$C$500,9,Restaurants!$O$3:$O$500,">0")
A14: 10e | B14: =COUNTIF(Base!$D$2:$D$70,10) | C14: =COUNTIFS(Base!$D$2:$D$70,10,Base!$A$2:$A$70,"Très haut de gamme (base)") | D14: =COUNTIFS(Base!$D$2:$D$70,10,Base!$G$2:$G$70,"Fermé")+COUNTIFS(Base!$D$2:$D$70,10,Base!$G$2:$G$70,"Fermé soir") | E14: =COUNTIFS(Base!$D$2:$D$70,10,Base!$H$2:$H$70,"Fermé")+COUNTIFS(Base!$D$2:$D$70,10,Base!$H$2:$H$70,"Fermé soir") | F14: =COUNTIFS(Base!$D$2:$D$70,10,Base!$I$2:$I$70,"Fermé")+COUNTIFS(Base!$D$2:$D$70,10,Base!$I$2:$I$70,"Fermé soir") | G14: =COUNTIFS(Base!$D$2:$D$70,10,Base!$J$2:$J$70,"Fermé")+COUNTIFS(Base!$D$2:$D$70,10,Base!$J$2:$J$70,"Fermé soir") | H14: =COUNTIFS(Base!$D$2:$D$70,10,Base!$K$2:$K$70,"Fermé")+COUNTIFS(Base!$D$2:$D$70,10,Base!$K$2:$K$70,"Fermé soir") | I14: =COUNTIFS(Base!$D$2:$D$70,10,Base!$L$2:$L$70,"Fermé")+COUNTIFS(Base!$D$2:$D$70,10,Base!$L$2:$L$70,"Fermé soir") | J14: =COUNTIFS(Base!$D$2:$D$70,10,Base!$M$2:$M$70,"Fermé")+COUNTIFS(Base!$D$2:$D$70,10,Base!$M$2:$M$70,"Fermé soir") | K14: =COUNTIFS(Restaurants!$C$3:$C$500,10,Restaurants!$O$3:$O$500,">0")
A15: 11e | B15: =COUNTIF(Base!$D$2:$D$70,11) | C15: =COUNTIFS(Base!$D$2:$D$70,11,Base!$A$2:$A$70,"Très haut de gamme (base)") | D15: =COUNTIFS(Base!$D$2:$D$70,11,Base!$G$2:$G$70,"Fermé")+COUNTIFS(Base!$D$2:$D$70,11,Base!$G$2:$G$70,"Fermé soir") | E15: =COUNTIFS(Base!$D$2:$D$70,11,Base!$H$2:$H$70,"Fermé")+COUNTIFS(Base!$D$2:$D$70,11,Base!$H$2:$H$70,"Fermé soir") | F15: =COUNTIFS(Base!$D$2:$D$70,11,Base!$I$2:$I$70,"Fermé")+COUNTIFS(Base!$D$2:$D$70,11,Base!$I$2:$I$70,"Fermé soir") | G15: =COUNTIFS(Base!$D$2:$D$70,11,Base!$J$2:$J$70,"Fermé")+COUNTIFS(Base!$D$2:$D$70,11,Base!$J$2:$J$70,"Fermé soir") | H15: =COUNTIFS(Base!$D$2:$D$70,11,Base!$K$2:$K$70,"Fermé")+COUNTIFS(Base!$D$2:$D$70,11,Base!$K$2:$K$70,"Fermé soir") | I15: =COUNTIFS(Base!$D$2:$D$70,11,Base!$L$2:$L$70,"Fermé")+COUNTIFS(Base!$D$2:$D$70,11,Base!$L$2:$L$70,"Fermé soir") | J15: =COUNTIFS(Base!$D$2:$D$70,11,Base!$M$2:$M$70,"Fermé")+COUNTIFS(Base!$D$2:$D$70,11,Base!$M$2:$M$70,"Fermé soir") | K15: =COUNTIFS(Restaurants!$C$3:$C$500,11,Restaurants!$O$3:$O$500,">0")
A16: 12e | B16: =COUNTIF(Base!$D$2:$D$70,12) | C16: =COUNTIFS(Base!$D$2:$D$70,12,Base!$A$2:$A$70,"Très haut de gamme (base)") | D16: =COUNTIFS(Base!$D$2:$D$70,12,Base!$G$2:$G$70,"Fermé")+COUNTIFS(Base!$D$2:$D$70,12,Base!$G$2:$G$70,"Fermé soir") | E16: =COUNTIFS(Base!$D$2:$D$70,12,Base!$H$2:$H$70,"Fermé")+COUNTIFS(Base!$D$2:$D$70,12,Base!$H$2:$H$70,"Fermé soir") | F16: =COUNTIFS(Base!$D$2:$D$70,12,Base!$I$2:$I$70,"Fermé")+COUNTIFS(Base!$D$2:$D$70,12,Base!$I$2:$I$70,"Fermé soir") | G16: =COUNTIFS(Base!$D$2:$D$70,12,Base!$J$2:$J$70,"Fermé")+COUNTIFS(Base!$D$2:$D$70,12,Base!$J$2:$J$70,"Fermé soir") | H16: =COUNTIFS(Base!$D$2:$D$70,12,Base!$K$2:$K$70,"Fermé")+COUNTIFS(Base!$D$2:$D$70,12,Base!$K$2:$K$70,"Fermé soir") | I16: =COUNTIFS(Base!$D$2:$D$70,12,Base!$L$2:$L$70,"Fermé")+COUNTIFS(Base!$D$2:$D$70,12,Base!$L$2:$L$70,"Fermé soir") | J16: =COUNTIFS(Base!$D$2:$D$70,12,Base!$M$2:$M$70,"Fermé")+COUNTIFS(Base!$D$2:$D$70,12,Base!$M$2:$M$70,"Fermé soir") | K16: =COUNTIFS(Restaurants!$C$3:$C$500,12,Restaurants!$O$3:$O$500,">0")
A17: 13e | B17: =COUNTIF(Base!$D$2:$D$70,13) | C17: =COUNTIFS(Base!$D$2:$D$70,13,Base!$A$2:$A$70,"Très haut de gamme (base)") | D17: =COUNTIFS(Base!$D$2:$D$70,13,Base!$G$2:$G$70,"Fermé")+COUNTIFS(Base!$D$2:$D$70,13,Base!$G$2:$G$70,"Fermé soir") | E17: =COUNTIFS(Base!$D$2:$D$70,13,Base!$H$2:$H$70,"Fermé")+COUNTIFS(Base!$D$2:$D$70,13,Base!$H$2:$H$70,"Fermé soir") | F17: =COUNTIFS(Base!$D$2:$D$70,13,Base!$I$2:$I$70,"Fermé")+COUNTIFS(Base!$D$2:$D$70,13,Base!$I$2:$I$70,"Fermé soir") | G17: =COUNTIFS(Base!$D$2:$D$70,13,Base!$J$2:$J$70,"Fermé")+COUNTIFS(Base!$D$2:$D$70,13,Base!$J$2:$J$70,"Fermé soir") | H17: =COUNTIFS(Base!$D$2:$D$70,13,Base!$K$2:$K$70,"Fermé")+COUNTIFS(Base!$D$2:$D$70,13,Base!$K$2:$K$70,"Fermé soir") | I17: =COUNTIFS(Base!$D$2:$D$70,13,Base!$L$2:$L$70,"Fermé")+COUNTIFS(Base!$D$2:$D$70,13,Base!$L$2:$L$70,"Fermé soir") | J17: =COUNTIFS(Base!$D$2:$D$70,13,Base!$M$2:$M$70,"Fermé")+COUNTIFS(Base!$D$2:$D$70,13,Base!$M$2:$M$70,"Fermé soir") | K17: =COUNTIFS(Restaurants!$C$3:$C$500,13,Restaurants!$O$3:$O$500,">0")
A18: 14e | B18: =COUNTIF(Base!$D$2:$D$70,14) | C18: =COUNTIFS(Base!$D$2:$D$70,14,Base!$A$2:$A$70,"Très haut de gamme (base)") | D18: =COUNTIFS(Base!$D$2:$D$70,14,Base!$G$2:$G$70,"Fermé")+COUNTIFS(Base!$D$2:$D$70,14,Base!$G$2:$G$70,"Fermé soir") | E18: =COUNTIFS(Base!$D$2:$D$70,14,Base!$H$2:$H$70,"Fermé")+COUNTIFS(Base!$D$2:$D$70,14,Base!$H$2:$H$70,"Fermé soir") | F18: =COUNTIFS(Base!$D$2:$D$70,14,Base!$I$2:$I$70,"Fermé")+COUNTIFS(Base!$D$2:$D$70,14,Base!$I$2:$I$70,"Fermé soir") | G18: =COUNTIFS(Base!$D$2:$D$70,14,Base!$J$2:$J$70,"Fermé")+COUNTIFS(Base!$D$2:$D$70,14,Base!$J$2:$J$70,"Fermé soir") | H18: =COUNTIFS(Base!$D$2:$D$70,14,Base!$K$2:$K$70,"Fermé")+COUNTIFS(Base!$D$2:$D$70,14,Base!$K$2:$K$70,"Fermé soir") | I18: =COUNTIFS(Base!$D$2:$D$70,14,Base!$L$2:$L$70,"Fermé")+COUNTIFS(Base!$D$2:$D$70,14,Base!$L$2:$L$70,"Fermé soir") | J18: =COUNTIFS(Base!$D$2:$D$70,14,Base!$M$2:$M$70,"Fermé")+COUNTIFS(Base!$D$2:$D$70,14,Base!$M$2:$M$70,"Fermé soir") | K18: =COUNTIFS(Restaurants!$C$3:$C$500,14,Restaurants!$O$3:$O$500,">0")
A19: 15e | B19: =COUNTIF(Base!$D$2:$D$70,15) | C19: =COUNTIFS(Base!$D$2:$D$70,15,Base!$A$2:$A$70,"Très haut de gamme (base)") | D19: =COUNTIFS(Base!$D$2:$D$70,15,Base!$G$2:$G$70,"Fermé")+COUNTIFS(Base!$D$2:$D$70,15,Base!$G$2:$G$70,"Fermé soir") | E19: =COUNTIFS(Base!$D$2:$D$70,15,Base!$H$2:$H$70,"Fermé")+COUNTIFS(Base!$D$2:$D$70,15,Base!$H$2:$H$70,"Fermé soir") | F19: =COUNTIFS(Base!$D$2:$D$70,15,Base!$I$2:$I$70,"Fermé")+COUNTIFS(Base!$D$2:$D$70,15,Base!$I$2:$I$70,"Fermé soir") | G19: =COUNTIFS(Base!$D$2:$D$70,15,Base!$J$2:$J$70,"Fermé")+COUNTIFS(Base!$D$2:$D$70,15,Base!$J$2:$J$70,"Fermé soir") | H19: =COUNTIFS(Base!$D$2:$D$70,15,Base!$K$2:$K$70,"Fermé")+COUNTIFS(Base!$D$2:$D$70,15,Base!$K$2:$K$70,"Fermé soir") | I19: =COUNTIFS(Base!$D$2:$D$70,15,Base!$L$2:$L$70,"Fermé")+COUNTIFS(Base!$D$2:$D$70,15,Base!$L$2:$L$70,"Fermé soir") | J19: =COUNTIFS(Base!$D$2:$D$70,15,Base!$M$2:$M$70,"Fermé")+COUNTIFS(Base!$D$2:$D$70,15,Base!$M$2:$M$70,"Fermé soir") | K19: =COUNTIFS(Restaurants!$C$3:$C$500,15,Restaurants!$O$3:$O$500,">0")
A20: 16e | B20: =COUNTIF(Base!$D$2:$D$70,16) | C20: =COUNTIFS(Base!$D$2:$D$70,16,Base!$A$2:$A$70,"Très haut de gamme (base)") | D20: =COUNTIFS(Base!$D$2:$D$70,16,Base!$G$2:$G$70,"Fermé")+COUNTIFS(Base!$D$2:$D$70,16,Base!$G$2:$G$70,"Fermé soir") | E20: =COUNTIFS(Base!$D$2:$D$70,16,Base!$H$2:$H$70,"Fermé")+COUNTIFS(Base!$D$2:$D$70,16,Base!$H$2:$H$70,"Fermé soir") | F20: =COUNTIFS(Base!$D$2:$D$70,16,Base!$I$2:$I$70,"Fermé")+COUNTIFS(Base!$D$2:$D$70,16,Base!$I$2:$I$70,"Fermé soir") | G20: =COUNTIFS(Base!$D$2:$D$70,16,Base!$J$2:$J$70,"Fermé")+COUNTIFS(Base!$D$2:$D$70,16,Base!$J$2:$J$70,"Fermé soir") | H20: =COUNTIFS(Base!$D$2:$D$70,16,Base!$K$2:$K$70,"Fermé")+COUNTIFS(Base!$D$2:$D$70,16,Base!$K$2:$K$70,"Fermé soir") | I20: =COUNTIFS(Base!$D$2:$D$70,16,Base!$L$2:$L$70,"Fermé")+COUNTIFS(Base!$D$2:$D$70,16,Base!$L$2:$L$70,"Fermé soir") | J20: =COUNTIFS(Base!$D$2:$D$70,16,Base!$M$2:$M$70,"Fermé")+COUNTIFS(Base!$D$2:$D$70,16,Base!$M$2:$M$70,"Fermé soir") | K20: =COUNTIFS(Restaurants!$C$3:$C$500,16,Restaurants!$O$3:$O$500,">0")
A21: 17e | B21: =COUNTIF(Base!$D$2:$D$70,17) | C21: =COUNTIFS(Base!$D$2:$D$70,17,Base!$A$2:$A$70,"Très haut de gamme (base)") | D21: =COUNTIFS(Base!$D$2:$D$70,17,Base!$G$2:$G$70,"Fermé")+COUNTIFS(Base!$D$2:$D$70,17,Base!$G$2:$G$70,"Fermé soir") | E21: =COUNTIFS(Base!$D$2:$D$70,17,Base!$H$2:$H$70,"Fermé")+COUNTIFS(Base!$D$2:$D$70,17,Base!$H$2:$H$70,"Fermé soir") | F21: =COUNTIFS(Base!$D$2:$D$70,17,Base!$I$2:$I$70,"Fermé")+COUNTIFS(Base!$D$2:$D$70,17,Base!$I$2:$I$70,"Fermé soir") | G21: =COUNTIFS(Base!$D$2:$D$70,17,Base!$J$2:$J$70,"Fermé")+COUNTIFS(Base!$D$2:$D$70,17,Base!$J$2:$J$70,"Fermé soir") | H21: =COUNTIFS(Base!$D$2:$D$70,17,Base!$K$2:$K$70,"Fermé")+COUNTIFS(Base!$D$2:$D$70,17,Base!$K$2:$K$70,"Fermé soir") | I21: =COUNTIFS(Base!$D$2:$D$70,17,Base!$L$2:$L$70,"Fermé")+COUNTIFS(Base!$D$2:$D$70,17,Base!$L$2:$L$70,"Fermé soir") | J21: =COUNTIFS(Base!$D$2:$D$70,17,Base!$M$2:$M$70,"Fermé")+COUNTIFS(Base!$D$2:$D$70,17,Base!$M$2:$M$70,"Fermé soir") | K21: =COUNTIFS(Restaurants!$C$3:$C$500,17,Restaurants!$O$3:$O$500,">0")
A22: 18e | B22: =COUNTIF(Base!$D$2:$D$70,18) | C22: =COUNTIFS(Base!$D$2:$D$70,18,Base!$A$2:$A$70,"Très haut de gamme (base)") | D22: =COUNTIFS(Base!$D$2:$D$70,18,Base!$G$2:$G$70,"Fermé")+COUNTIFS(Base!$D$2:$D$70,18,Base!$G$2:$G$70,"Fermé soir") | E22: =COUNTIFS(Base!$D$2:$D$70,18,Base!$H$2:$H$70,"Fermé")+COUNTIFS(Base!$D$2:$D$70,18,Base!$H$2:$H$70,"Fermé soir") | F22: =COUNTIFS(Base!$D$2:$D$70,18,Base!$I$2:$I$70,"Fermé")+COUNTIFS(Base!$D$2:$D$70,18,Base!$I$2:$I$70,"Fermé soir") | G22: =COUNTIFS(Base!$D$2:$D$70,18,Base!$J$2:$J$70,"Fermé")+COUNTIFS(Base!$D$2:$D$70,18,Base!$J$2:$J$70,"Fermé soir") | H22: =COUNTIFS(Base!$D$2:$D$70,18,Base!$K$2:$K$70,"Fermé")+COUNTIFS(Base!$D$2:$D$70,18,Base!$K$2:$K$70,"Fermé soir") | I22: =COUNTIFS(Base!$D$2:$D$70,18,Base!$L$2:$L$70,"Fermé")+COUNTIFS(Base!$D$2:$D$70,18,Base!$L$2:$L$70,"Fermé soir") | J22: =COUNTIFS(Base!$D$2:$D$70,18,Base!$M$2:$M$70,"Fermé")+COUNTIFS(Base!$D$2:$D$70,18,Base!$M$2:$M$70,"Fermé soir") | K22: =COUNTIFS(Restaurants!$C$3:$C$500,18,Restaurants!$O$3:$O$500,">0")
A23: 19e | B23: =COUNTIF(Base!$D$2:$D$70,19) | C23: =COUNTIFS(Base!$D$2:$D$70,19,Base!$A$2:$A$70,"Très haut de gamme (base)") | D23: =COUNTIFS(Base!$D$2:$D$70,19,Base!$G$2:$G$70,"Fermé")+COUNTIFS(Base!$D$2:$D$70,19,Base!$G$2:$G$70,"Fermé soir") | E23: =COUNTIFS(Base!$D$2:$D$70,19,Base!$H$2:$H$70,"Fermé")+COUNTIFS(Base!$D$2:$D$70,19,Base!$H$2:$H$70,"Fermé soir") | F23: =COUNTIFS(Base!$D$2:$D$70,19,Base!$I$2:$I$70,"Fermé")+COUNTIFS(Base!$D$2:$D$70,19,Base!$I$2:$I$70,"Fermé soir") | G23: =COUNTIFS(Base!$D$2:$D$70,19,Base!$J$2:$J$70,"Fermé")+COUNTIFS(Base!$D$2:$D$70,19,Base!$J$2:$J$70,"Fermé soir") | H23: =COUNTIFS(Base!$D$2:$D$70,19,Base!$K$2:$K$70,"Fermé")+COUNTIFS(Base!$D$2:$D$70,19,Base!$K$2:$K$70,"Fermé soir") | I23: =COUNTIFS(Base!$D$2:$D$70,19,Base!$L$2:$L$70,"Fermé")+COUNTIFS(Base!$D$2:$D$70,19,Base!$L$2:$L$70,"Fermé soir") | J23: =COUNTIFS(Base!$D$2:$D$70,19,Base!$M$2:$M$70,"Fermé")+COUNTIFS(Base!$D$2:$D$70,19,Base!$M$2:$M$70,"Fermé soir") | K23: =COUNTIFS(Restaurants!$C$3:$C$500,19,Restaurants!$O$3:$O$500,">0")
A24: 20e | B24: =COUNTIF(Base!$D$2:$D$70,20) | C24: =COUNTIFS(Base!$D$2:$D$70,20,Base!$A$2:$A$70,"Très haut de gamme (base)") | D24: =COUNTIFS(Base!$D$2:$D$70,20,Base!$G$2:$G$70,"Fermé")+COUNTIFS(Base!$D$2:$D$70,20,Base!$G$2:$G$70,"Fermé soir") | E24: =COUNTIFS(Base!$D$2:$D$70,20,Base!$H$2:$H$70,"Fermé")+COUNTIFS(Base!$D$2:$D$70,20,Base!$H$2:$H$70,"Fermé soir") | F24: =COUNTIFS(Base!$D$2:$D$70,20,Base!$I$2:$I$70,"Fermé")+COUNTIFS(Base!$D$2:$D$70,20,Base!$I$2:$I$70,"Fermé soir") | G24: =COUNTIFS(Base!$D$2:$D$70,20,Base!$J$2:$J$70,"Fermé")+COUNTIFS(Base!$D$2:$D$70,20,Base!$J$2:$J$70,"Fermé soir") | H24: =COUNTIFS(Base!$D$2:$D$70,20,Base!$K$2:$K$70,"Fermé")+COUNTIFS(Base!$D$2:$D$70,20,Base!$K$2:$K$70,"Fermé soir") | I24: =COUNTIFS(Base!$D$2:$D$70,20,Base!$L$2:$L$70,"Fermé")+COUNTIFS(Base!$D$2:$D$70,20,Base!$L$2:$L$70,"Fermé soir") | J24: =COUNTIFS(Base!$D$2:$D$70,20,Base!$M$2:$M$70,"Fermé")+COUNTIFS(Base!$D$2:$D$70,20,Base!$M$2:$M$70,"Fermé soir") | K24: =COUNTIFS(Restaurants!$C$3:$C$500,20,Restaurants!$O$3:$O$500,">0")
A25: Paris | B25: =SUM(B5:B24) | C25: =SUM(C5:C24) | D25: =SUM(D5:D24) | E25: =SUM(E5:E24) | F25: =SUM(F5:F24) | G25: =SUM(G5:G24) | H25: =SUM(H5:H24) | I25: =SUM(I5:I24) | ... K25: =SUM(K5:K24)

Sheet Base
A1: Niveau | B1: Nom | C1: Adresse | D1: Arr. | E1: Type de cuisine | F1: Ticket estimé €/pers. | G1: Lundi | H1: Mardi | I1: Mercredi | J1: Jeudi | K1: Vendredi | L1: Samedi | M1: Dimanche | N1: Fermeture (texte fiche) | O1: Source
A2: Très haut de gamme (base) | B2: Granite | C2: 6 Rue Bailleul, 75001 Paris | D2: 1 | E2: espagnols, gastronomiques | F2: 143 | G2: Ouvert | H2: Ouvert | I2: Ouvert | J2: Ouvert | K2: Ouvert | L2: Fermé | M2: Fermé | N2: Samedi, dimanche | O2: https://www.gillespudlowski.com/recherche/Restaurants/0/France/Paris/Paris/75001/
A3: Très haut de gamme (base) | B3: L'Assaggio à l'hôtel Castille | C3: 37 rue Cambon, 75001 Paris | D3: 1 | E3: gastronomiques, italiens | F3: 120 | G3: Ouvert | H3: Ouvert | I3: Ouvert | J3: Ouvert | K3: Ouvert | L3: Ouvert | M3: Ouvert | N3: ouvert 7j/7 | O3: https://www.gillespudlowski.com/recherche/Restaurants/0/France/Paris/Paris/75001/
A4: Très haut de gamme (base) | B4: La Poule au Pot | C4: 9 rue Vauvilliers, 75001 Paris | D4: 1 | E4: Bistrots, français | F4: 122 | G4: Fermé | H4: Ouvert | I4: Ouvert | J4: Ouvert | K4: Ouvert | L4: Ouvert | M4: Fermé | N4: lundi, dimanche | O4: https://www.gillespudlowski.com/recherche/Restaurants/0/France/Paris/Paris/75001/
A5: Très haut de gamme (base) | B5: Langosteria | C5: Cheval Blanc Paris (7e étage), 8 quai du Louvre, 75001 Paris | D5: 1 | E5: français, gastronomiques | F5: 200 | G5: Fermé midi | H5: Fermé midi | I5: Ouvert | J5: Ouvert | K5: Ouvert | L5: Ouvert | M5: Ouvert | N5: Lundi midi, mardi midi | O5: https://www.gillespudlowski.com/recherche/Restaurants/0/France/Paris/Paris/75001/
A6: Très haut de gamme (base) | B6: Le Grand Véfour | C6: 17 rue de Beaujolais, 75001 Paris | D6: 1 | E6: français, gastronomiques | F6: 170 | G6: Ouvert | H6: Ouvert | I6: Ouvert | J6: Ouvert | K6: Ouvert | L6: Ouvert | M6: Ouvert | N6: ouvert 7j/7 | O6: https://www.gillespudlowski.com/recherche/Restaurants/0/France/Paris/Paris/75001/
A7: Très haut de gamme (base) | B7: Le Tout-Paris au Cheval Blanc Paris | C7: 8 Quai du Louvre, 75001 Paris | D7: 1 | E7: français | F7: 150 | G7: Ouvert | H7: Ouvert | I7: Ouvert | J7: Ouvert | K7: Ouvert | L7: Ouvert | M7: Ouvert | N7: ouvert 7j/7 | O7: https://www.gillespudlowski.com/recherche/Restaurants/0/France/Paris/Paris/75001/
A8: Très haut de gamme (base) | B8: Drouant | C8: 16/18 rue Gaillon - 75002 Paris | D8: 2 | E8: Brasseries, français | F8: 130 | G8: Ouvert | H8: Ouvert | I8: Ouvert | J8: Ouvert | K8: Ouvert | L8: Ouvert | M8: Ouvert | N8: ouvert 7j/7 | O8: https://www.gillespudlowski.com/recherche/Restaurants/0/France/Paris/Paris/75002/
A9: Très haut de gamme (base) | B9: Anne au Pavillon de la Reine | C9: 28 Pl. des Vosges - 75003 Paris | D9: 3 | E9: gastronomiques | F9: 178 | G9: Fermé | H9: Ouvert | I9: Ouvert | J9: Ouvert | K9: Ouvert | L9: Ouvert | M9: Fermé | N9: Lundi, dimanche | O9: https://www.gillespudlowski.com/recherche/Restaurants/0/France/Paris/Paris/75003/
A10: Très haut de gamme (base) | B10: Guefen | C10: 9 rue du Vertbois - 75003 Paris | D10: 3 | E10: Cuisine internationale, gastronomiques | F10: 97 | G10: Ouvert | H10: Ouvert | I10: Ouvert | J10: Ouvert | K10: Fermé | L10: Fermé | M10: Ouvert | N10: Vendredi, samedi | O10: https://www.gillespudlowski.com/recherche/Restaurants/0/France/Paris/Paris/75003/
A11: Très haut de gamme (base) | B11: L'Auberge Nicolas Flamel | C11: 51 rue de Montmorency - 75003 Paris | D11: 3 | E11: français, gastronomiques | F11: 98 | G11: Fermé | H11: Ouvert | I11: Ouvert | J11: Ouvert | K11: Ouvert | L11: Ouvert | M11: Fermé | N11: Lundi, dimanche | O11: https://www.gillespudlowski.com/recherche/Restaurants/0/France/Paris/Paris/75003/
A12: Très haut de gamme (base) | B12: Ogata Paris | C12: 16 Rue Debelleyme - 75003 Paris | D12: 3 | E12: gastronomiques, japonais | F12: 195 | G12: Fermé | H12: Fermé | I12: Ouvert | J12: Ouvert | K12: Ouvert | L12: Ouvert | M12: Ouvert | N12: Lundi, mardi | O12: https://www.gillespudlowski.com/recherche/Restaurants/0/France/Paris/Paris/75003/
A13: Très haut de gamme (base) | B13: Aldehyde | C13: 5 Rue du Pont Louis-Philippe - 75004 Paris | D13: 4 | E13: français | F13: 108 | G13: Fermé | H13: Ouvert | I13: Ouvert | J13: Ouvert | K13: Ouvert | L13: Ouvert | M13: Fermé | N13: Lundi, dimanche | O13: https://www.gillespudlowski.com/recherche/Restaurants/0/France/Paris/Paris/75004/
... A70: Proposition : haut de gamme élargi | B70: Le Coq & Fils | C70: 98 rue Lepic - 75018 Paris | D70: 18 | E70: français | F70: 80 | G70: Ouvert | H70: Ouvert | I70: Ouvert | J70: Ouvert | K70: Ouvert | L70: Ouvert | M70: Ouvert | N70: ouvert 7j/7 | O70: https://www.gillespudlowski.com/recherche/Restaurants/0/France/Paris/Paris/75018/

Sheet À compléter (proposition)
A1: Proposition : tables étoilées à ajouter, jours de fermeture à relever
A2: Absentes de la base d'origine. Relever les jours sur le site du restaurant ou la fiche du Guide Michelin, puis les ajouter à l'onglet Base.
A4: Restaurant | B4: Arr. | C4: Distinction | D4: Jours de fermeture | E4: Source de la distinction | F4: Lundi | G4: Mardi | H4: Mercredi | I4: Jeudi | J4: Vendredi | K4: Samedi | L4: Dimanche | M4: Relevé fait par | N4: Date du relevé
A5: Kei | B5: 1er | C5: 3 étoiles Michelin 2026 | D5: Non établi | E5: Affiches Parisiennes, 17/03/2026
A6: Plénitude — Cheval Blanc Paris | B6: 1er | C6: 3 étoiles Michelin 2026 | D6: Non établi | E6: Affiches Parisiennes, 17/03/2026
A7: Arpège | B7: 7e | C7: 3 étoiles Michelin 2026 | D7: Non établi | E7: Affiches Parisiennes, 17/03/2026
A8: Alléno Paris au Pavillon Ledoyen | B8: 8e | C8: 3 étoiles Michelin 2026 | D8: Non établi | E8: Affiches Parisiennes, 17/03/2026
A9: Épicure (Le Bristol) | B9: 8e | C9: 3 étoiles Michelin 2026 | D9: Non établi | E9: Affiches Parisiennes, 17/03/2026
A10: Le Cinq (Four Seasons George V) | B10: 8e | C10: 3 étoiles Michelin 2026 | D10: Non établi | E10: Affiches Parisiennes, 17/03/2026
A11: Le Gabriel — La Réserve Paris | B11: 8e | C11: 3 étoiles Michelin 2026 | D11: Non établi | E11: Affiches Parisiennes, 17/03/2026
A12: Pierre Gagnaire | B12: 8e | C12: 3 étoiles Michelin 2026 | D12: Non établi | E12: Affiches Parisiennes, 17/03/2026
A13: Le Pré Catelan | B13: 16e | C13: 3 étoiles Michelin 2026 | D13: Dimanche, lundi, mardi (source ancienne, à vérifier) | E13: Paris Gourmand (date non établie)
A14: Hakuba | B14: 1er | C14: 2 étoiles Michelin 2026 (nouveau) | D14: Non établi | E14: Gilles Pudlowski / Yonder, 17/03/2026
A15: Alliance | B15: 5e | C15: 2 étoiles Michelin 2026 (nouveau) | D15: Non établi | E15: Gilles Pudlowski / Yonder, 17/03/2026
A16: Virtus | B16: 12e | C16: 2 étoiles Michelin 2026 (nouveau) | D16: Non établi | E16: Gilles Pudlowski / Yonder, 17/03/2026
... A19: Blanc | B19: 16e | C19: Table gastronomique | D19: Non établi | E19: Newtable, octobre 2026

Sheet Sources
A1: Élément | B1: Détail
A2: Base de restaurants | B2: Fichier « BAse restaurant par jour d'ouverture.xlsx » (HEC Cuisine Innovation), onglet Base restaurants, lignes classées « Exclu : très haut de gamme » (et, pour la proposition, « Milieu-haut de gamme » à 80 € ou plus) : guide Gilles Pudlowski, relevé du 27/10/2026.
A3: Guide Michelin 2026, Paris | B3: Affiches Parisiennes / mesinfos.fr, 17/03/2026 : 127 restaurants étoilés à Paris dont 9 trois étoiles. https://mesinfos.fr/75000-paris/guide-michelin-2026-decouvrez-les-127-restaurants-etoiles-de-paris-242358.html
A4: Nouveaux deux étoiles 2026 | B4: Gilles Pudlowski, Michelin 2026 : les nouveaux étoilés. https://www.gillespudlowski.com/?p=421626 ; Yonder, 17/03/2026 https://www.yonder.fr/news/restaurants/palmares-guide-michelin-2026
A5: L'Ambroisie | B5: Paris Select Book, Guide Michelin 2026 : un trois-étoiles historique perd son macaron. https://www.parisselectbook.com/?p=235755
A6: Le Pré Catelan (jours) | B6: Paris Gourmand, nos meilleurs restaurants étoilés à Paris (date non établie). https://www.parisgourmand.com/restaurant-paris/nos-meilleurs-restaurants-etoiles-ou-a-la-mode-a-paris.html
A7: Lucas Carton, Blanc | B7: Newtable, restaurants gastronomiques à Paris (octobre 2026). https://fr.newtable.com/gastronomique-paris.php
A8: Priorités | B8: Proposition du pôle Ventes, à valider.
